task_id,dataset,model,auc_ovo,accuracy,g_mean,cross_entropy,fit_time_s,predict_time_s,total_time_s
363621,blood-transfusion-service-center,lightgbm,0.75379034004765,0.7688888888888888,0.3780872485437336,0.4840366633305229,0.6530709069993463,0.0035529470005712,0.6566238539999176
363621,blood-transfusion-service-center,xgboost,0.75151613601906,0.7688888888888888,0.4574131290532437,0.4877172205755425,0.5601221500000975,0.0062017219970584,0.566323871997156
363621,blood-transfusion-service-center,catboost,0.7734459605804634,0.7777777777777778,0.553211428831919,0.5143137441830669,0.9700966340024024,0.0051831349992426,0.975279769001645
363621,blood-transfusion-service-center,group_model,0.7853584578730779,0.7688888888888888,0.4392976851069795,0.4640947079125137,0.9437117059969752,0.0226199280004948,0.96633163399747
363629,diabetes,lightgbm,0.8510288065843622,0.7792207792207793,0.7221367470787521,0.4520500265434953,0.0337276620011834,0.003034873996512,0.0367625359976955
363629,diabetes,xgboost,0.8467489711934156,0.7792207792207793,0.7401479109212916,0.4732788881478689,0.3529261629992106,0.0062028120009927,0.3591289750002033
363629,diabetes,catboost,0.8326748971193416,0.7489177489177489,0.6981456921068893,0.5268240130506587,0.580587568001647,0.0052799389995925,0.5858675070012396
363629,diabetes,group_model,0.8304526748971194,0.7748917748917749,0.7044829992954381,0.4853719309906641,0.726915506998921,0.0268040410010144,0.7537195479999355
363614,anneal,lightgbm,0.9980906148867316,0.9814814814814816,0.8569469661839367,0.0783837512943025,0.1784464410011423,0.0269994260015664,0.2054458670027088
363614,anneal,xgboost,1.0,0.9962962962962963,0.8705505632961241,0.0197481096669406,1.287729757001216,0.0296458459997666,1.3173756030009829
363614,anneal,catboost,1.0,0.9925925925925926,0.9641925040026272,0.0151254320517315,0.8738097390014445,0.0214329239970538,0.8952426629984984
363614,anneal,group_model,0.9973557173678532,0.9888888888888888,0.9808325664483136,0.1116301195308064,0.7749523310012592,0.0370569480000995,0.8120092790013587
363626,credit-g,lightgbm,0.7626719576719576,0.7033333333333334,0.1487158435285296,0.5451356742694792,0.0524279749988636,0.0138613669987535,0.0662893419976171
363626,credit-g,xgboost,0.7587830687830689,0.7533333333333333,0.5947299418254505,1.0726811396311888,0.5420790549978847,0.0195024839995312,0.5615815389974159
363626,credit-g,catboost,0.7825396825396826,0.7533333333333333,0.5805033393393418,0.5024389347626507,0.5393402920017252,0.0126302680000662,0.5519705600017915
363626,credit-g,group_model,0.7735978835978836,0.7466666666666667,0.6685687152298759,0.5281703604028127,1.1402772670007837,0.0279562420000729,1.1682335090008564
363685,maternal_health_risk,lightgbm,0.8964130519409398,0.7508196721311475,0.7450495612551654,0.5876588613178327,0.0960152020015812,0.0041047880004043,0.1001199900019855
363685,maternal_health_risk,xgboost,0.9255556853166323,0.8163934426229508,0.8148253771661373,0.5102667321295857,0.7245098269995651,0.0068762279988732,0.7313860549984383
363685,maternal_health_risk,catboost,0.9255670669026118,0.8163934426229508,0.8151308460018551,0.5109954401534538,0.7637318480010435,0.0052798690012423,0.7690117170022859
363685,maternal_health_risk,group_model,0.8977041196722629,0.7901639344262295,0.7920069826463287,0.6082215939379066,1.1626044399999955,0.0227019910016679,1.1853064310016634
363696,qsar-biodeg,lightgbm,0.9513128615932354,0.889589905362776,0.8480454766084681,0.2824341319770602,0.0781125700013944,0.0099416489974828,0.0880542189988773
363696,qsar-biodeg,xgboost,0.9452158433466844,0.8769716088328076,0.8265724855548239,0.2999221221215525,0.6919628549985646,0.0125066619984863,0.704469516997051
363696,qsar-biodeg,catboost,0.9538050734312415,0.9053627760252366,0.877093147763188,0.2672646333626691,0.6144166609992681,0.0112583480004104,0.6256750089996785
363696,qsar-biodeg,group_model,0.9020916777926123,0.8738170347003155,0.840560560622949,0.3442382784452291,1.1527121069993882,0.0284438130001944,1.1811559199995827
363707,website_phishing,lightgbm,0.9618570728972844,0.8694581280788177,0.7732181450611467,0.2994041539010515,0.1610082979968865,0.0143584910001663,0.1753667889970529
363707,website_phishing,xgboost,0.968059662441908,0.8866995073891626,0.8622157602152775,0.3177327628019384,1.298925508002867,0.0140971879991411,1.3130226960020082
363707,website_phishing,catboost,0.960899697095121,0.8571428571428571,0.7524626313860734,0.3394441972046113,0.7769725199977984,0.0101537449991155,0.787126264996914
363707,website_phishing,group_model,0.964629143501342,0.8866995073891626,0.872034796166049,0.326060428243495,1.1432189480001398,0.0266633560022455,1.1698823040023854
363671,Fitness_Club,lightgbm,0.8236230798051705,0.7577777777777778,0.5738787592109598,0.4966298940807657,0.6723180629996932,0.0086061559995869,0.6809242189992801
363671,Fitness_Club,xgboost,0.771637317347321,0.7422222222222222,0.4887264093383059,0.5338603099187799,0.7628217029996449,0.0092040259987697,0.7720257289984147
363671,Fitness_Club,catboost,0.768768733608093,0.7622222222222222,0.6346805558845996,0.6633387762579867,1.0497828090010444,0.0087963379992288,1.0585791470002732
363671,Fitness_Club,group_model,0.8180732484076433,0.7733333333333333,0.6232318563717303,0.4769704107955397,1.6931497400000808,0.0267040069993527,1.7198537469994335
363711,MIC,lightgbm,0.6632665156812884,0.8745098039215686,2.3622698379253072e-08,0.5202839462663339,0.7164472920012486,0.0680687509993731,0.7845160430006217
363711,MIC,xgboost,0.6221272107559648,0.8921568627450981,2.1597986270711788e-08,0.508658275997694,3.99217058800059,0.0784484169998904,4.070619005000481
363711,MIC,catboost,0.6353408631411879,0.888235294117647,5.713992499669609e-07,0.508418270259755,1.4002484809971063,0.0530952110020734,1.45334369199918
363711,MIC,group_model,0.623561543975505,0.8647058823529412,6.092421477065244e-07,0.5564715101504797,1.561897207000584,0.0592318420021911,1.621129049002775
363682,Is-this-a-good-customer,lightgbm,0.7173784323884242,0.8858800773694391,1.0000000000000004e-06,0.3521127340868089,0.0740214910001668,0.0112092370000027,0.0852307280001696
363682,Is-this-a-good-customer,xgboost,0.7465768632965731,0.874274661508704,0.2575195814657205,0.8640244230890011,0.8467332470027031,0.0179563519996008,0.864689599002304
363682,Is-this-a-good-customer,catboost,0.7411368514543705,0.8704061895551257,0.1289034157532307,0.3904500743243903,1.2985052879994328,0.0111960639987955,1.3097013519982283
363682,Is-this-a-good-customer,group_model,0.7440974021167936,0.8858800773694391,0.1300467056833528,0.3200138531924898,1.547885716001474,0.0287169990006077,1.5766027150020818
363684,Marketing_Campaign,lightgbm,0.8749825174825175,0.8720238095238095,0.572810516760899,0.2871562769005614,0.1276831469986064,0.016095300001325,0.1437784469999314
363684,Marketing_Campaign,xgboost,0.5366520979020978,0.8511904761904762,1.0000000000000004e-06,0.4158558489490236,0.6929037059999246,0.0162838329997612,0.7091875389996858
363684,Marketing_Campaign,catboost,0.8641083916083917,0.875,0.5323618045174643,0.2950264009356845,1.485435939001036,0.0150392059986188,1.5004751449996547
363684,Marketing_Campaign,group_model,0.8612762237762238,0.875,0.5738472787255329,0.2992400373698059,1.936029292999592,0.0293558380035392,1.965385131003132
363674,hazelnut-spread-contaminant-detection,lightgbm,0.9769907407407408,0.9291666666666668,0.929041056116799,0.2083735302008461,0.2481264599991846,0.0090933000028599,0.2572197600020445
363674,hazelnut-spread-contaminant-detection,xgboost,0.9632291666666668,0.9041666666666668,0.9036021876800912,0.2432737075631927,0.5361707110023417,0.0074492499988991,0.5436199610012409
363674,hazelnut-spread-contaminant-detection,catboost,0.9716280864197532,0.9069444444444444,0.906475333842128,0.2489556092430064,0.8152058720006607,0.007084417000442,0.8222902890011028
363674,hazelnut-spread-contaminant-detection,group_model,0.9862577160493828,0.9416666666666668,0.9416502784545758,0.1628641078048677,2.244251626998448,0.0236203400017984,2.2678719670002465
363700,seismic-bumps,lightgbm,0.7476808654496281,0.934278350515464,1.0000000000000004e-06,0.2381507346289501,0.1076061889980337,0.0090903689997503,0.1166965579977841
363700,seismic-bumps,xgboost,0.748735632183908,0.9329896907216496,0.1976193676470906,0.2204782853301169,0.6035520610021194,0.0105952530029753,0.6141473140050948
363700,seismic-bumps,catboost,0.7385125084516565,0.934278350515464,0.2792823799221068,0.2743668059395069,0.4915423719976388,0.0098989180005446,0.5014412899981835
363700,seismic-bumps,group_model,0.7363083164300203,0.9329896907216496,9.993101068513078e-07,0.226989886632721,2.237316483999166,0.0263064680002571,2.263622951999423
363702,splice,lightgbm,0.9952963718036004,0.962382445141066,0.96408608663102,0.1430994892263186,0.2533752599993022,0.0477753650011436,0.3011506250004458
363702,splice,xgboost,0.9967538691506316,0.9738766980146292,0.9754323280077056,0.1180090794107849,2.14098126799945,0.0604841929998656,2.201465460999316
363702,splice,catboost,0.9954496924838256,0.9665621734587252,0.9706680980885504,0.1656356673020157,1.2566726250006468,0.0413958619974437,1.2980684869980903
363702,splice,group_model,0.988961817534064,0.955067920585162,0.9571247155787754,0.185497204279762,2.620025071999408,0.048795433001942,2.6688205050013494
363620,Bioresponse,lightgbm,0.8444409133522953,0.7628774422735346,0.7592458919482395,0.4865402057710717,1.2140152440006204,0.0342582419980317,1.2482734859986522
363620,Bioresponse,xgboost,0.8629208841148523,0.783303730017762,0.7802501527049416,0.7045614505494369,5.123780300000362,0.1185934259992791,5.2423737259996415
363620,Bioresponse,catboost,0.8602609123989005,0.7779751332149201,0.775506946727622,0.53690236312015,2.101873994997732,0.0827264229992579,2.1846004179969896
363620,Bioresponse,group_model,0.7918452957907617,0.7433392539964476,0.740604098412173,0.6235795869934554,3.603879124999368,0.0511336739982652,3.655012798997632
363677,hiva_agnostic,lightgbm,0.5140065460146322,0.9644714038128248,1.0000000000000018e-08,0.1760118158946071,2.584797145002085,1.3664651590006542,3.9512623040027393
363677,hiva_agnostic,xgboost,0.4653713686732554,0.9618717504332756,9.991007189394076e-09,0.4239451898376387,4.249127898998268,1.4569859119983448,5.706113810996612
363677,hiva_agnostic,catboost,0.481994757264299,0.9592720970537262,9.981998160893112e-09,0.4886967616170539,2.111860538003384,1.0531086539995158,3.1649691920029
363677,hiva_agnostic,group_model,0.4788982356367802,0.962738301559792,9.99400659131228e-09,0.2148914739220342,4.34571468500144,0.7399552220012993,5.085669907002739
363704,students_dropout_and_academic_success,lightgbm,0.8763245203627529,0.7658132530120482,0.6337242064282081,0.5781733598559158,0.6374644940005965,0.0413832579979498,0.6788477519985463
363704,students_dropout_and_academic_success,xgboost,0.8682304907720821,0.7605421686746988,0.6045876411827791,0.6990435477839526,2.9167470009997487,0.0337375950002751,2.950484596000024
363704,students_dropout_and_academic_success,catboost,0.8736500138714832,0.766566265060241,0.6343985946399051,0.5755480154634073,1.96762591100196,0.0217641349991026,1.9893900460010627
363704,students_dropout_and_academic_success,group_model,0.870332169660387,0.7771084337349398,0.673684642561838,0.583366154197683,3.7199150689994,0.0365388159989379,3.756453884998336
363623,churn,lightgbm,0.9114833587249502,0.9486666666666668,0.8435711410489025,0.2354882245966403,0.4242084219986282,0.0288991769994026,0.4531075989980309
363623,churn,xgboost,0.8932160435954529,0.9413333333333334,0.8075728530872482,0.2454533895174062,0.8622071399986453,0.0139199490004102,0.8761270889990556
363623,churn,catboost,0.9195146783077464,0.9553333333333334,0.8636709878743815,0.1606854466384599,1.851146197001072,0.0114788539976871,1.8626250509987583
363623,churn,group_model,0.8539200750029299,0.9213333333333332,0.7612971961308878,0.2399895974868754,4.135638406001817,0.0291543640014424,4.16479277000326
363694,polish_companies_bankruptcy,lightgbm,0.9451687607785167,0.9588268471517204,0.6793001050111392,0.1433646642441715,0.6510096180027176,0.0160965739996754,0.6671061920023931
363694,polish_companies_bankruptcy,xgboost,0.9283961566888396,0.9560067681895094,0.6427490846429208,0.3023298784480618,0.91682722099722,0.0157017580022511,0.9325289789994712
363694,polish_companies_bankruptcy,catboost,0.9492781473269278,0.9661590524534688,0.7265085909284084,0.1878718281536014,1.212052445000154,0.0125436369999079,1.224596082000062
363694,polish_companies_bankruptcy,group_model,0.8949938408474993,0.94585448392555,0.6745286602698947,0.1734439233123293,4.745232140998269,0.0352765480020025,4.780508689000271
363706,taiwanese_bankruptcy_prediction,lightgbm,0.9467707376798286,0.9731182795698924,0.4762495044091427,0.1086650371229587,0.7096777080005268,0.0164867810017312,0.726164489002258
363706,taiwanese_bankruptcy_prediction,xgboost,0.9280609121518212,0.9633431085043987,0.367592120348286,0.1121671215316404,0.675732159998006,0.0129623089997039,0.6886944689977099
363706,taiwanese_bankruptcy_prediction,catboost,0.951729415365779,0.9721407624633432,0.4760084264365153,0.0827274510541632,0.795900248001999,0.0155357580006239,0.8114360060026229
363706,taiwanese_bankruptcy_prediction,group_model,0.7287725742271198,0.9638318670576737,0.4414528564026729,0.1392358465348954,5.581668536000507,0.0270356320033897,5.6087041680038965
363619,Bank_Customer_Churn,lightgbm,0.8583119987339682,0.864,0.6455987939925145,0.3584384252670702,0.1896883030021854,0.0130744660018535,0.202762769004039
363619,Bank_Customer_Churn,xgboost,0.8600044941387799,0.865,0.6621802681289957,0.3480002136773073,0.6471556350006722,0.0127535329993406,0.6599091680000129
363619,Bank_Customer_Churn,catboost,0.8669084093146507,0.8673333333333333,0.6848335204262672,0.3342107280626427,0.6043400670023402,0.0120833939981821,0.6164234610005224
363619,Bank_Customer_Churn,group_model,0.8580975680269429,0.8636666666666667,0.6821949818632091,0.3610547333496788,8.202175430000352,0.0294008160017256,8.231576246002078
363676,heloc,lightgbm,0.7901469271469271,0.7253027405991077,0.7229670246154514,0.5544982710017715,0.2463310819985054,0.0074228600024071,0.2537539420009125
363676,heloc,xgboost,0.7836754171754172,0.7160611854684512,0.7117526105268449,0.5886094918107801,0.4163070559989137,0.0073844710022967,0.4236915270012105
363676,heloc,catboost,0.7845079365079365,0.7176545570427023,0.7150988046181453,0.6158777666635626,0.4874930499972834,0.006621801003348,0.4941148510006314
363676,heloc,group_model,0.7891664631664632,0.7125557680050988,0.713131668457359,0.5684539682813219,8.453575509000075,0.0304728520022763,8.484048361002351
363712,jm1,lightgbm,0.7353537119267997,0.8132271892222903,0.3410030076677188,0.4337186814301114,0.2528332009969745,0.0079335529990203,0.2607667539959948
363712,jm1,xgboost,0.7379971502167373,0.8110838946723821,0.295344472618045,0.4358115071219906,0.4356197179986338,0.0080549290032649,0.4436746470018988
363712,jm1,catboost,0.7371384307449804,0.8144519289650949,0.4261960190158433,0.4377540427055909,0.6319745499968121,0.0088592989995959,0.640833848996408
363712,jm1,group_model,0.7260003075651413,0.8113900796080833,0.3779552774438304,0.4419654210880511,9.003228878002119,0.0274370410006667,9.030665919002786
363632,E-CommereShippingData,lightgbm,0.7328490170139034,0.6530303030303031,0.6553236590693641,0.5271040697320355,0.2065180839999811,0.0138524100002541,0.2203704940002353
363632,E-CommereShippingData,xgboost,0.7343999154436973,0.6624242424242425,0.6742437231214573,0.5183623151491932,0.6284574829987832,0.0128173709999828,0.641274853998766
363632,E-CommereShippingData,catboost,0.7446723996552117,0.6878787878787879,0.6935673670266369,0.5985155521559984,0.5303070099980687,0.0114352220007276,0.5417422319987963
363632,E-CommereShippingData,group_model,0.7424722568710581,0.6748484848484848,0.6857470673961424,0.5259183955414842,9.147640520001003,0.0303754309970827,9.178015950998088
363691,online_shoppers_intention,lightgbm,0.9277782498920972,0.8980805623141389,0.7499376596828904,0.2406867006515526,0.9863332649983932,0.037302410997654,1.0236356759960472
363691,online_shoppers_intention,xgboost,0.9302113780047904,0.9021357123546904,0.7664459689922171,0.2285169211817704,1.0230306049998037,0.0190622049994999,1.0420928099993034
363691,online_shoppers_intention,catboost,0.9301929282741562,0.9007839956745066,0.7561129776021519,0.2324689723388408,2.7818461620008748,0.0202241869992576,2.8020703490001324
363691,online_shoppers_intention,group_model,0.9220666605540284,0.9029467423628008,0.7590810869143692,0.2538426530149009,9.736656027002027,0.0406230389999109,9.777279066001938
363681,in_vehicle_coupon_recommendation,lightgbm,0.8421683607644643,0.7598528638991067,0.748624332757206,0.4888546428705257,0.6781340790003014,0.0967239029996562,0.7748579819999577
363681,in_vehicle_coupon_recommendation,xgboost,0.8402000501433814,0.7695743562795586,0.7624766095623249,0.5430586354045206,1.0590621830015152,0.0413981220008281,1.1004603050023434
363681,in_vehicle_coupon_recommendation,catboost,0.8454254294476714,0.7653704676826064,0.755085720666238,0.4911168582615657,3.501313487999141,0.0327940690003742,3.5341075569995155
363681,in_vehicle_coupon_recommendation,group_model,0.8126716995764263,0.7556489753021545,0.7459040786507295,0.5624992874319894,10.053695377999247,0.0449449049992836,10.098640282998533
363679,HR_Analytics_Job_Change_of_Data_Scientists,lightgbm,0.7896729062270809,0.7837508698677801,0.6668462094322875,0.4489257896663755,0.348275078998995,0.0385903040005359,0.386865382999531
363679,HR_Analytics_Job_Change_of_Data_Scientists,xgboost,0.7862690318182811,0.7881002087682673,0.688477374259886,0.4551976630786264,0.7703496570029529,0.0253361529976245,0.7956858100005775
363679,HR_Analytics_Job_Change_of_Data_Scientists,catboost,0.7897781073342395,0.7924495476687543,0.7120357741828669,0.480180852825088,1.5848555189986655,0.0285973030004242,1.6134528219990898
363679,HR_Analytics_Job_Change_of_Data_Scientists,group_model,0.7806171205300647,0.7839248434237995,0.6941350708896521,0.4645556149926879,15.320087414002046,0.0408815209993917,15.360968935001438
363627,credit_card_clients_default,lightgbm,0.7845601611876071,0.8215555555555556,0.5936528937401945,0.4250557696424286,0.5168745560004027,0.0430325230008747,0.5599070790012775
363627,credit_card_clients_default,xgboost,0.7724750319224354,0.8205555555555556,0.6017182685929513,0.4409693003223859,1.282579260001512,0.0255670650003594,1.3081463250018714
363627,credit_card_clients_default,catboost,0.7859532541894366,0.8223333333333334,0.5903752234612397,0.426204345189998,0.6874030150029284,0.0221044569989317,0.7095074720018602
363627,credit_card_clients_default,group_model,0.7789855319117223,0.817,0.5988688160548122,0.4348882798210731,24.493200105996948,0.0436792549990059,24.536879360995957
363613,Amazon_employee_access,lightgbm,0.8324199376176216,0.950259383582545,0.5517268486167685,0.1711721638393524,0.6738545629996224,0.1068808210002316,0.7807353839998541
363613,Amazon_employee_access,xgboost,0.8273707713623973,0.9464957786593428,0.4899419623755654,0.4192332259781737,3.776814363001904,0.0687222519991337,3.8455366150010377
363613,Amazon_employee_access,catboost,0.8546653389190824,0.9517851693622216,0.5689266756512471,0.152668364790195,3.7968909549999807,0.0742883899984008,3.8711793449983816
363613,Amazon_employee_access,group_model,0.8309709078309657,0.9469026548672568,0.5038331626265649,0.1728759772019701,34.38187393800035,0.2205245379991538,34.60239847599951
363699,SDSS17,lightgbm,0.9931455745165289,0.9762128459173216,0.9665078898042774,0.1097587107745189,2.2345750290005526,0.0816793989979487,2.3162544279985013
363699,SDSS17,xgboost,0.992583594249028,0.9651520327980868,0.9515525319915186,0.1286148906856213,6.115801771000406,0.0559554049978032,6.171757175998209
363699,SDSS17,catboost,0.9671862887661036,0.961479330372395,0.9461294761848912,0.525124263400862,1.4722507309998036,0.0577616770024178,1.5300124080022215
363699,SDSS17,group_model,0.986038005234438,0.9500768705158864,0.9400149190269552,0.1977097667435038,69.03072261700072,0.2274048639992543,69.25812748099997
363621,blood-transfusion-service-center,realmlp_hpo,0.6855642191899503,0.7644444444444445,0.4894379337683985,0.5264291199679414,53.62371690299915,0.023074749999068445,53.64679165299822
363629,diabetes,realmlp_hpo,0.7480658436213993,0.7359307359307359,0.6425258797689315,0.6031071703595647,52.98370125099973,0.022008059000654612,53.005709310000384
363614,anneal,realmlp_hpo,0.9998584142394822,0.9851851851851852,0.9798690748370245,0.11930963126245202,54.99913465299687,0.03234754699951736,55.03148219999639
363626,credit-g,realmlp_hpo,0.7359259259259259,0.74,0.6206328908341752,0.619886513810001,92.79604207400189,0.02725525200003176,92.82329732600192
363685,maternal_health_risk,realmlp_hpo,0.9292246797650577,0.819672131147541,0.8220679794147587,0.5028618141239346,84.76729767600045,0.023253958999703173,84.79055163500016
363696,qsar-biodeg,realmlp_hpo,0.9131731197151758,0.8738170347003155,0.8465222448302433,0.38057168902519534,94.78104641299797,0.02647146199888084,94.80751787499685
363707,website_phishing,realmlp_hpo,0.9673591094571701,0.8768472906403941,0.8481126368386669,0.37780933436418684,81.61595197799761,0.02460174299994833,81.64055372099756
363671,Fitness_Club,realmlp_hpo,0.8358233420756838,0.7733333333333333,0.6003620738419073,0.5099656933749164,116.93272693700055,0.026262175000738353,116.95898911200129
363711,MIC,realmlp_hpo,0.6059832942467887,0.8823529411764706,5.708982402718653e-07,0.5296929219005704,135.03084512699934,0.05500336099794367,135.08584848799728
363682,Is-this-a-good-customer,realmlp_hpo,0.7385833765080305,0.8839458413926499,0.18351093641814378,0.3494938087616291,127.65053960799924,0.025722132002556464,127.67626174000179
363684,Marketing_Campaign,realmlp_hpo,0.858583916083916,0.8854166666666666,0.6083049934325421,0.2969468413050288,159.80045400000017,0.029294759999174858,159.82974875999935
363674,hazelnut-spread-contaminant-detection,realmlp_hpo,0.9873302469135803,0.9416666666666667,0.9415191624886524,0.1692254708381171,176.76755684100135,0.022094511998147937,176.7896513529995
363700,seismic-bumps,realmlp_hpo,0.659526707234618,0.9278350515463918,0.1394473783618074,0.35762586337883495,177.46227361300043,0.025243626998417312,177.48751723999885
363702,splice,realmlp_hpo,0.9954892366169291,0.9634273772204807,0.9624493780225104,0.19153058361961908,177.98204378100127,0.047345909999421565,178.0293896910007
363620,Bioresponse,realmlp_hpo,0.8268062860502439,0.7708703374777975,0.7635574878045531,0.6309004181245829,173.05366033999962,0.07556153699988499,173.1292218769995
363677,hiva_agnostic,realmlp_hpo,0.5331126645142817,0.9592720970537262,9.981998160893112e-09,0.20540999393417125,179.54847472999973,0.6448305120029545,180.19330524200268
363704,students_dropout_and_academic_success,realmlp_hpo,0.8621159439717335,0.7718373493975904,0.6694877960455284,0.6100871610823919,179.70839845400042,0.038788280999142444,179.74718673499956
363623,churn,realmlp_hpo,0.9090919078870267,0.948,0.8456567606599482,0.17569473335866242,179.25117216999934,0.029392305001238128,179.28056447500057
363694,polish_companies_bankruptcy,realmlp_hpo,0.7877999507267799,0.949238578680203,0.6757766329562361,0.1809755139604258,179.74026361399956,0.02590460699866526,179.76616822099822
363706,taiwanese_bankruptcy_prediction,realmlp_hpo,0.9376415671870217,0.9687194525904204,0.5201186556719163,0.10216410359576121,180.3660872670007,0.030933712998375995,180.39702097999907
363619,Bank_Customer_Churn,realmlp_hpo,0.8568277682970024,0.8616666666666667,0.686282014770466,0.349566771206873,168.6424181529983,0.029791904999001417,168.6722100579973
363676,heloc,realmlp_hpo,0.7949568579568579,0.7221159974506055,0.7226790139923515,0.5499755594499861,173.6771114430012,0.025173900998197496,173.7022853439994
363712,jm1,realmlp_hpo,0.7305194727180109,0.8123086344151867,0.3662026880759791,0.43665323300295567,180.6154835510024,0.025744662001670804,180.64122821300407
363632,E-CommereShippingData,realmlp_hpo,0.7437531932786897,0.6751515151515152,0.688131962031519,0.5231530964978756,173.29958883799554,0.03274702800263185,173.33233586599817
363691,online_shoppers_intention,realmlp_hpo,0.9085253968928418,0.8891592322249257,0.7825321867052272,0.28462904443607945,169.10259488299926,0.045536764002463315,169.14813164700172
363681,in_vehicle_coupon_recommendation,realmlp_hpo,0.8053336574925665,0.7509196006305833,0.7409065778670976,0.6128152735001701,161.77043392400083,0.048289220001606736,161.81872314400243
363679,HR_Analytics_Job_Change_of_Data_Scientists,realmlp_hpo,0.78316596303487,0.7837508698677801,0.7341470394155679,0.48555952533516517,174.25886158399953,0.04773818400281016,174.30659976800234
363627,credit_card_clients_default,realmlp_hpo,0.7780909011367245,0.8196666666666667,0.5999576693467015,0.4632156783291373,142.73380854599964,0.04815657900326187,142.7819651250029
363613,Amazon_employee_access,realmlp_hpo,0.7726608600479916,0.9442579595158173,0.36910563566152743,0.18667592936634975,127.84569687500334,0.09454165200440912,127.94023852700775
363699,SDSS17,realmlp_hpo,0.9852659058901113,0.9643833276392211,0.9563662945317266,0.1779981029720715,127.1500608569986,0.10444320700480603,127.25450406400341
